{"v":"4.8.0","meta":{"g":"LottieFiles AE ","a":"","k":"","d":"","tc":""},"fr":60,"ip":0,"op":175,"w":1200,"h":1200,"nm":"Artboard","ddd":0,"assets":[],"layers":[{"ddd":0,"ind":1,"ty":4,"nm":"Oval 5","sr":1,"ks":{"o":{"a":0,"k":100,"ix":11},"r":{"a":0,"k":0,"ix":10},"p":{"a":1,"k":[{"i":{"x":0.25,"y":1},"o":{"x":0.745,"y":0},"t":-140,"s":[257.62,530.754,0],"to":[57.125,-41.25,0],"ti":[0,0,0]},{"i":{"x":0.25,"y":1},"o":{"x":0.745,"y":0},"t":-105,"s":[600.37,283.254,0],"to":[0,0,0],"ti":[0,0,0]},{"i":{"x":0.25,"y":1},"o":{"x":0.745,"y":0},"t":-70,"s":[941.87,532.254,0],"to":[0,0,0],"ti":[0,0,0]},{"i":{"x":0.25,"y":1},"o":{"x":0.745,"y":0},"t":-35,"s":[811.87,934.504,0],"to":[0,0,0],"ti":[0,0,0]},{"i":{"x":0.243,"y":1},"o":{"x":0.752,"y":0},"t":0,"s":[388.37,934.254,0],"to":[0,0,0],"ti":[0,0,0]},{"t":35,"s":[256.62,531.504,0]}],"ix":2,"x":"var $bm_rt;\n$bm_rt = loopOutDuration('cycle', 0);"},"a":{"a":0,"k":[0,0,0],"ix":1},"s":{"a":0,"k":[81,81,100],"ix":6}},"ao":0,"shapes":[{"ty":"gr","it":[{"d":1,"ty":"el","s":{"a":0,"k":[80,80],"ix":2},"p":{"a":0,"k":[0,0],"ix":3},"nm":"Ellipse Path 1","mn":"ADBE Vector Shape - Ellipse","hd":false},{"ty":"fl","c":{"a":0,"k":[0.3411764705882353,0.2,0.5686274509803921,1],"ix":4},"o":{"a":0,"k":100,"ix":5},"r":1,"bm":0,"nm":"Fill 1","mn":"ADBE Vector Graphic - Fill","hd":false},{"ty":"tr","p":{"a":0,"k":[0,0],"ix":2},"a":{"a":0,"k":[0,0],"ix":1},"s":{"a":0,"k":[300,300],"ix":3},"r":{"a":0,"k":288,"ix":6},"o":{"a":0,"k":100,"ix":7},"sk":{"a":0,"k":0,"ix":4},"sa":{"a":0,"k":0,"ix":5},"nm":"Transform"}],"nm":"Oval","np":2,"cix":2,"bm":0,"ix":1,"mn":"ADBE Vector Group","hd":false}],"ip":-140,"op":178,"st":-140,"bm":0},{"ddd":0,"ind":2,"ty":4,"nm":"Oval 4","sr":1,"ks":{"o":{"a":0,"k":100,"ix":11},"r":{"a":0,"k":0,"ix":10},"p":{"a":1,"k":[{"i":{"x":0.25,"y":1},"o":{"x":0.745,"y":0},"t":-105,"s":[257.62,530.754,0],"to":[57.125,-41.25,0],"ti":[0,0,0]},{"i":{"x":0.25,"y":1},"o":{"x":0.745,"y":0},"t":-70,"s":[600.37,283.254,0],"to":[0,0,0],"ti":[0,0,0]},{"i":{"x":0.25,"y":1},"o":{"x":0.745,"y":0},"t":-35,"s":[941.87,532.254,0],"to":[0,0,0],"ti":[0,0,0]},{"i":{"x":0.25,"y":1},"o":{"x":0.745,"y":0},"t":0,"s":[811.87,934.504,0],"to":[0,0,0],"ti":[0,0,0]},{"i":{"x":0.243,"y":1},"o":{"x":0.752,"y":0},"t":35,"s":[388.37,934.254,0],"to":[0,0,0],"ti":[0,0,0]},{"t":70,"s":[256.62,531.504,0]}],"ix":2,"x":"var $bm_rt;\n$bm_rt = loopOutDuration('cycle', 0);"},"a":{"a":0,"k":[0,0,0],"ix":1},"s":{"a":0,"k":[81,81,100],"ix":6}},"ao":0,"shapes":[{"ty":"gr","it":[{"d":1,"ty":"el","s":{"a":0,"k":[80,80],"ix":2},"p":{"a":0,"k":[0,0],"ix":3},"nm":"Ellipse Path 1","mn":"ADBE Vector Shape - Ellipse","hd":false},{"ty":"fl","c":{"a":0,"k":[0.3411764705882353,0.2,0.5686274509803921,1],"ix":4},"o":{"a":0,"k":100,"ix":5},"r":1,"bm":0,"nm":"Fill 1","mn":"ADBE Vector Graphic - Fill","hd":false},{"ty":"tr","p":{"a":0,"k":[0,0],"ix":2},"a":{"a":0,"k":[0,0],"ix":1},"s":{"a":0,"k":[300,300],"ix":3},"r":{"a":0,"k":288,"ix":6},"o":{"a":0,"k":100,"ix":7},"sk":{"a":0,"k":0,"ix":4},"sa":{"a":0,"k":0,"ix":5},"nm":"Transform"}],"nm":"Oval","np":2,"cix":2,"bm":0,"ix":1,"mn":"ADBE Vector Group","hd":false}],"ip":-105,"op":195,"st":-105,"bm":0},{"ddd":0,"ind":3,"ty":4,"nm":"Oval 3","sr":1,"ks":{"o":{"a":0,"k":100,"ix":11},"r":{"a":0,"k":0,"ix":10},"p":{"a":1,"k":[{"i":{"x":0.25,"y":1},"o":{"x":0.745,"y":0},"t":-70,"s":[257.62,530.754,0],"to":[57.125,-41.25,0],"ti":[0,0,0]},{"i":{"x":0.25,"y":1},"o":{"x":0.745,"y":0},"t":-35,"s":[600.37,283.254,0],"to":[0,0,0],"ti":[0,0,0]},{"i":{"x":0.25,"y":1},"o":{"x":0.745,"y":0},"t":0,"s":[941.87,532.254,0],"to":[0,0,0],"ti":[0,0,0]},{"i":{"x":0.25,"y":1},"o":{"x":0.745,"y":0},"t":35,"s":[811.87,934.504,0],"to":[0,0,0],"ti":[0,0,0]},{"i":{"x":0.243,"y":1},"o":{"x":0.752,"y":0},"t":70,"s":[388.37,934.254,0],"to":[0,0,0],"ti":[0,0,0]},{"t":105,"s":[256.62,531.504,0]}],"ix":2,"x":"var $bm_rt;\n$bm_rt = loopOutDuration('cycle', 0);"},"a":{"a":0,"k":[0,0,0],"ix":1},"s":{"a":0,"k":[81,81,100],"ix":6}},"ao":0,"shapes":[{"ty":"gr","it":[{"d":1,"ty":"el","s":{"a":0,"k":[80,80],"ix":2},"p":{"a":0,"k":[0,0],"ix":3},"nm":"Ellipse Path 1","mn":"ADBE Vector Shape - Ellipse","hd":false},{"ty":"fl","c":{"a":0,"k":[0.3411764705882353,0.2,0.5686274509803921,1],"ix":4},"o":{"a":0,"k":100,"ix":5},"r":1,"bm":0,"nm":"Fill 1","mn":"ADBE Vector Graphic - Fill","hd":false},{"ty":"tr","p":{"a":0,"k":[0,0],"ix":2},"a":{"a":0,"k":[0,0],"ix":1},"s":{"a":0,"k":[300,300],"ix":3},"r":{"a":0,"k":288,"ix":6},"o":{"a":0,"k":100,"ix":7},"sk":{"a":0,"k":0,"ix":4},"sa":{"a":0,"k":0,"ix":5},"nm":"Transform"}],"nm":"Oval","np":2,"cix":2,"bm":0,"ix":1,"mn":"ADBE Vector Group","hd":false}],"ip":-70,"op":230,"st":-70,"bm":0},{"ddd":0,"ind":4,"ty":4,"nm":"Oval 2","sr":1,"ks":{"o":{"a":0,"k":100,"ix":11},"r":{"a":0,"k":0,"ix":10},"p":{"a":1,"k":[{"i":{"x":0.25,"y":1},"o":{"x":0.745,"y":0},"t":-35,"s":[257.62,530.754,0],"to":[57.125,-41.25,0],"ti":[0,0,0]},{"i":{"x":0.25,"y":1},"o":{"x":0.745,"y":0},"t":0,"s":[600.37,283.254,0],"to":[0,0,0],"ti":[0,0,0]},{"i":{"x":0.25,"y":1},"o":{"x":0.745,"y":0},"t":35,"s":[941.87,532.254,0],"to":[0,0,0],"ti":[0,0,0]},{"i":{"x":0.25,"y":1},"o":{"x":0.745,"y":0},"t":70,"s":[811.87,934.504,0],"to":[0,0,0],"ti":[0,0,0]},{"i":{"x":0.243,"y":1},"o":{"x":0.752,"y":0},"t":105,"s":[388.37,934.254,0],"to":[0,0,0],"ti":[0,0,0]},{"t":140,"s":[256.62,531.504,0]}],"ix":2,"x":"var $bm_rt;\n$bm_rt = loopOutDuration('cycle', 0);"},"a":{"a":0,"k":[0,0,0],"ix":1},"s":{"a":0,"k":[81,81,100],"ix":6}},"ao":0,"shapes":[{"ty":"gr","it":[{"d":1,"ty":"el","s":{"a":0,"k":[80,80],"ix":2},"p":{"a":0,"k":[0,0],"ix":3},"nm":"Ellipse Path 1","mn":"ADBE Vector Shape - Ellipse","hd":false},{"ty":"fl","c":{"a":0,"k":[0.3411764705882353,0.2,0.5686274509803921,1],"ix":4},"o":{"a":0,"k":100,"ix":5},"r":1,"bm":0,"nm":"Fill 1","mn":"ADBE Vector Graphic - Fill","hd":false},{"ty":"tr","p":{"a":0,"k":[0,0],"ix":2},"a":{"a":0,"k":[0,0],"ix":1},"s":{"a":0,"k":[300,300],"ix":3},"r":{"a":0,"k":288,"ix":6},"o":{"a":0,"k":100,"ix":7},"sk":{"a":0,"k":0,"ix":4},"sa":{"a":0,"k":0,"ix":5},"nm":"Transform"}],"nm":"Oval","np":2,"cix":2,"bm":0,"ix":1,"mn":"ADBE Vector Group","hd":false}],"ip":-35,"op":265,"st":-35,"bm":0},{"ddd":0,"ind":5,"ty":4,"nm":"Oval","sr":1,"ks":{"o":{"a":0,"k":100,"ix":11},"r":{"a":0,"k":0,"ix":10},"p":{"a":1,"k":[{"i":{"x":0.25,"y":1},"o":{"x":0.745,"y":0},"t":0,"s":[257.62,530.754,0],"to":[57.125,-41.25,0],"ti":[0,0,0]},{"i":{"x":0.25,"y":1},"o":{"x":0.745,"y":0},"t":35,"s":[600.37,283.254,0],"to":[0,0,0],"ti":[0,0,0]},{"i":{"x":0.25,"y":1},"o":{"x":0.745,"y":0},"t":70,"s":[941.87,532.254,0],"to":[0,0,0],"ti":[0,0,0]},{"i":{"x":0.25,"y":1},"o":{"x":0.745,"y":0},"t":105,"s":[811.87,934.504,0],"to":[0,0,0],"ti":[0,0,0]},{"i":{"x":0.243,"y":1},"o":{"x":0.752,"y":0},"t":140,"s":[388.37,934.254,0],"to":[0,0,0],"ti":[0,0,0]},{"t":175,"s":[256.62,531.504,0]}],"ix":2,"x":"var $bm_rt;\n$bm_rt = loopOutDuration('cycle', 0);"},"a":{"a":0,"k":[0,0,0],"ix":1},"s":{"a":0,"k":[81,81,100],"ix":6}},"ao":0,"shapes":[{"ty":"gr","it":[{"d":1,"ty":"el","s":{"a":0,"k":[80,80],"ix":2},"p":{"a":0,"k":[0,0],"ix":3},"nm":"Ellipse Path 1","mn":"ADBE Vector Shape - Ellipse","hd":false},{"ty":"fl","c":{"a":0,"k":[0.3411764705882353,0.2,0.5686274509803921,1],"ix":4},"o":{"a":0,"k":100,"ix":5},"r":1,"bm":0,"nm":"Fill 1","mn":"ADBE Vector Graphic - Fill","hd":false},{"ty":"tr","p":{"a":0,"k":[0,0],"ix":2},"a":{"a":0,"k":[0,0],"ix":1},"s":{"a":0,"k":[300,300],"ix":3},"r":{"a":0,"k":288,"ix":6},"o":{"a":0,"k":100,"ix":7},"sk":{"a":0,"k":0,"ix":4},"sa":{"a":0,"k":0,"ix":5},"nm":"Transform"}],"nm":"Oval","np":2,"cix":2,"bm":0,"ix":1,"mn":"ADBE Vector Group","hd":false}],"ip":0,"op":300,"st":0,"bm":0}],"markers":[]}